species_name,common_name,taxon_rank,taxon_id,obs_count,img_count,edibility,notes
Herpothallon rubrocinctum,Christmas lichen,species,464189,6,6,,
Agaricomycetes,"Mushrooms, Bracket Fungi, Puffballs, and Allies",class,50814,5,6,,
Ascomycota,Ascomycete Fungi,phylum,48250,5,5,,
Polyporales,Shelf Fungi,order,47380,5,8,,
Usnea,beard lichens,genus,67747,3,3,,
Agaricales,Common Gilled Mushrooms and Allies,order,47167,3,5,,
Coprinellus disseminatus,Trooping Crumble Cap,species,56314,2,3,,
Phlebopus beniensis,,species,1037966,2,6,,
Favolus brasiliensis,,species,350773,2,3,,
Cyathus,,genus,68301,2,2,,
Fungi,Fungi Including Lichens,kingdom,47170,2,4,,
Auricularia,Wood ear fungi,genus,50817,2,5,,
Geastrum,Earthstars,genus,63077,2,3,,
Psilocybe cubensis,Magic Mushroom,species,328244,1,1,,
Trametes villosa,,species,328309,1,3,,
Heimiomyces tenuipes,Orange Faint Foot Mushroom,species,1239845,1,1,,
Clathrus natalensis,,species,1167765,1,1,,
Cookeina tricholoma,Bristly Tropical Cup,species,204575,1,1,,
Laternea dringii,,species,623137,1,3,,
Cookeina speciosa,,species,325847,1,1,,
Ramalina celastri,cartilage lichen,species,229759,1,1,,
Leptogium,Skin Lichens,genus,123114,1,1,,
Cantharellus lateritius,Smooth Chanterelle,species,143270,1,1,,
Polyporaceae,Bracket Fungi,family,47379,1,2,,
Auricularia delicata,karoko,species,328245,1,1,,
Auricularia fuscosuccinea,,species,328246,1,1,,
Marasmius,Pinwheels and Parachute Mushrooms,genus,54067,1,2,,
Pleurotus,Oyster Mushrooms,genus,48496,1,1,,
Disseminati,Coprinellus sect. Disseminati,section,1179708,1,1,,
Clitopilus hobsonii,Miller's oysterling,species,381735,1,1,,
Rigidoporus microporus,,species,179076,1,1,,
Trametes sanguinea,Cinnabar Bracket,species,974664,1,2,,
Hygrocybe,Waxcaps,genus,51871,1,2,,
Coenogonium,,genus,132205,1,1,,
Ramalina,bushy lichens,genus,48325,1,2,,
Lecanorales,"shield lichens, rim lichens, and allies",order,48327,1,1,,
Lecanoromycetes,Common Lichens,class,54743,1,1,,
Parmeliaceae,shield lichens and allies,family,54321,1,2,,
Lycoperdon curtisii,Curtis's Puffball,species,121715,1,2,,
Xylaria,,genus,55268,1,1,,
Coprinopsis,Coprinopsis sect. Coprinopsis,section,1179975,1,2,,
Calvatia,,genus,57693,1,1,,
Omphalina,,genus,118257,1,2,,
Marasmius calhouniae,Calhoun's pinwheel,species,118241,1,3,,
Stropharia rugosoannulata,Wine-cap Stropharia,species,119151,1,3,,
Gymnopilus,rustgills and gyms,genus,83198,1,3,,
Antrodiella,,genus,328290,1,2,,
Dacrymyces,,genus,53280,1,2,,
Trametes versicolor,turkey-tail,species,54134,1,1,,
Cladonia,pixie cup and reindeer lichens,genus,49490,1,0,,
Chlorophyllum rhacodes,Shaggy Parasol,species,56535,1,2,,
Pleurotus pulmonarius,pale oyster,species,136399,1,3,,
Psathyrellaceae,Brittlestems and Allies,family,56310,1,1,,
Oudemansiella,Rooting Shanks,genus,55965,1,1,,
Boletaceae,boletes,family,48702,1,3,,
Xylaria hypoxylon,Candlesnuff Fungus,species,55267,1,1,,
Coprinellus,,genus,56315,1,3,,
Phillipsia,,genus,202407,1,1,,
Clathrus,Cage Stinkhorns,genus,51137,1,1,,
